tanggal_lengkap,cabe_rawit_merah,lag_1
2023-01-02,80000.0,80000.0
2023-01-03,80000.0,80000.0
2023-01-04,83000.0,80000.0
2023-01-05,85000.0,83000.0
2023-01-06,85000.0,85000.0
2023-01-07,85000.0,85000.0
2023-01-08,85000.0,85000.0
2023-01-09,85000.0,85000.0
2023-01-10,85000.0,85000.0
2023-01-11,85000.0,85000.0
2023-01-12,85000.0,85000.0
2023-01-13,88000.0,85000.0
2023-01-14,88000.0,88000.0
2023-01-15,75000.0,88000.0
2023-01-16,75000.0,75000.0
2023-01-17,75000.0,75000.0
2023-01-18,75000.0,75000.0
2023-01-19,75000.0,75000.0
2023-01-20,73000.0,75000.0
2023-01-21,73000.0,73000.0
2023-01-22,70000.0,73000.0
2023-01-23,70000.0,70000.0
2023-01-24,70000.0,70000.0
2023-01-25,70000.0,70000.0
2023-01-26,70000.0,70000.0
2023-01-27,70000.0,70000.0
2023-01-28,70000.0,70000.0
2023-01-29,70000.0,70000.0
2023-01-30,75000.0,70000.0
2023-01-31,70000.0,75000.0
2023-02-01,50000.0,70000.0
2023-02-02,50000.0,50000.0
2023-02-03,45000.0,50000.0
2023-02-04,45000.0,45000.0
2023-02-05,45000.0,45000.0
2023-02-06,55000.0,45000.0
2023-02-07,56000.0,55000.0
2023-02-08,50000.0,56000.0
2023-02-09,50000.0,50000.0
2023-02-10,50000.0,50000.0
2023-02-11,50000.0,50000.0
2023-02-12,50000.0,50000.0
2023-02-13,60000.0,50000.0
2023-02-14,56000.0,60000.0
2023-02-15,56000.0,56000.0
2023-02-16,56000.0,56000.0
2023-02-17,56000.0,56000.0
2023-02-18,56000.0,56000.0
2023-02-19,56000.0,56000.0
2023-02-20,56000.0,56000.0
2023-02-21,56000.0,56000.0
2023-02-22,57000.0,56000.0
2023-02-23,62000.0,57000.0
2023-02-24,62000.0,62000.0
2023-02-25,62000.0,62000.0
2023-02-26,55000.0,62000.0
2023-02-27,55000.0,55000.0
2023-02-28,55000.0,55000.0
2023-03-01,55000.0,55000.0
2023-03-02,55000.0,55000.0
2023-03-03,70000.0,55000.0
2023-03-04,70000.0,70000.0
2023-03-05,70000.0,70000.0
2023-03-06,70000.0,70000.0
2023-03-07,70000.0,70000.0
2023-03-08,70000.0,70000.0
2023-03-09,70000.0,70000.0
2023-03-10,70000.0,70000.0
2023-03-11,70000.0,70000.0
2023-03-12,70000.0,70000.0
2023-03-13,75000.0,70000.0
2023-03-14,75000.0,75000.0
2023-03-15,73000.0,75000.0
2023-03-16,73000.0,73000.0
2023-03-17,73000.0,73000.0
2023-03-18,70000.0,73000.0
2023-03-19,70000.0,70000.0
2023-03-20,75000.0,70000.0
2023-03-21,75000.0,75000.0
2023-03-22,75000.0,75000.0
2023-03-23,75000.0,75000.0
2023-03-24,70000.0,75000.0
2023-03-25,70000.0,70000.0
2023-03-26,70000.0,70000.0
2023-03-27,45000.0,70000.0
2023-03-28,30000.0,45000.0
2023-03-29,45000.0,30000.0
2023-03-30,45000.0,45000.0
2023-03-31,45000.0,45000.0
2023-04-01,25000.0,45000.0
2023-04-02,25000.0,25000.0
2023-04-03,25000.0,25000.0
2023-04-04,24000.0,25000.0
2023-04-05,20000.0,24000.0
2023-04-06,20000.0,20000.0
2023-04-07,20000.0,20000.0
2023-04-08,28000.0,20000.0
2023-04-09,28000.0,28000.0
2023-04-10,30000.0,28000.0
2023-04-11,30000.0,30000.0
2023-04-12,27000.0,30000.0
2023-04-13,27000.0,27000.0
2023-04-14,27000.0,27000.0
2023-04-15,30000.0,27000.0
2023-04-16,30000.0,30000.0
2023-04-17,28000.0,30000.0
2023-04-18,28000.0,28000.0
2023-04-19,28000.0,28000.0
2023-04-20,28000.0,28000.0
2023-04-21,28000.0,28000.0
2023-04-22,28000.0,28000.0
2023-04-23,28000.0,28000.0
2023-04-24,28000.0,28000.0
2023-04-25,28000.0,28000.0
2023-04-26,25000.0,28000.0
2023-04-27,25000.0,25000.0
2023-04-28,25000.0,25000.0
2023-04-29,30000.0,25000.0
2023-04-30,28000.0,30000.0
2023-05-01,25000.0,28000.0
2023-05-02,25000.0,25000.0
2023-05-03,25000.0,25000.0
2023-05-04,24000.0,25000.0
2023-05-05,20000.0,24000.0
2023-05-06,20000.0,20000.0
2023-05-07,20000.0,20000.0
2023-05-08,28000.0,20000.0
2023-05-09,28000.0,28000.0
2023-05-10,30000.0,28000.0
2023-05-11,30000.0,30000.0
2023-05-12,27000.0,30000.0
2023-05-13,27000.0,27000.0
2023-05-14,27000.0,27000.0
2023-05-15,30000.0,27000.0
2023-05-16,30000.0,30000.0
2023-05-17,28000.0,30000.0
2023-05-18,28000.0,28000.0
2023-05-19,28000.0,28000.0
2023-05-20,28000.0,28000.0
2023-05-21,28000.0,28000.0
2023-05-22,28000.0,28000.0
2023-05-23,28000.0,28000.0
2023-05-24,28000.0,28000.0
2023-05-25,28000.0,28000.0
2023-05-26,25000.0,28000.0
2023-05-27,25000.0,25000.0
2023-05-28,25000.0,25000.0
2023-05-29,30000.0,25000.0
2023-05-30,28000.0,30000.0
2023-05-31,28000.0,28000.0
2023-06-01,28000.0,28000.0
2023-06-02,28000.0,28000.0
2023-06-03,28000.0,28000.0
2023-06-04,28000.0,28000.0
2023-06-05,28000.0,28000.0
2023-06-06,28000.0,28000.0
2023-06-07,28000.0,28000.0
2023-06-08,33000.0,28000.0
2023-06-09,32000.0,33000.0
2023-06-10,32000.0,32000.0
2023-06-11,32000.0,32000.0
2023-06-12,30000.0,32000.0
2023-06-13,30000.0,30000.0
2023-06-14,30000.0,30000.0
2023-06-15,30000.0,30000.0
2023-06-16,30000.0,30000.0
2023-06-17,30000.0,30000.0
2023-06-18,30000.0,30000.0
2023-06-19,25000.0,30000.0
2023-06-20,25000.0,25000.0
2023-06-21,28000.0,25000.0
2023-06-22,30000.0,28000.0
2023-06-23,22000.0,30000.0
2023-06-24,22000.0,22000.0
2023-06-25,22000.0,22000.0
2023-06-26,22000.0,22000.0
2023-06-27,22000.0,22000.0
2023-06-28,22000.0,22000.0
2023-06-29,22000.0,22000.0
2023-06-30,22000.0,22000.0
2023-07-01,22000.0,22000.0
2023-07-02,20000.0,22000.0
2023-07-03,20000.0,20000.0
2023-07-04,20000.0,20000.0
2023-07-05,20000.0,20000.0
2023-07-06,20000.0,20000.0
2023-07-07,20000.0,20000.0
2023-07-08,20000.0,20000.0
2023-07-09,20000.0,20000.0
2023-07-10,20000.0,20000.0
2023-07-11,20000.0,20000.0
2023-07-12,20000.0,20000.0
2023-07-13,20000.0,20000.0
2023-07-14,20000.0,20000.0
2023-07-15,20000.0,20000.0
2023-07-16,20000.0,20000.0
2023-07-17,20000.0,20000.0
2023-07-18,20000.0,20000.0
2023-07-19,20000.0,20000.0
2023-07-20,30000.0,20000.0
2023-07-21,30000.0,30000.0
2023-07-22,30000.0,30000.0
2023-07-23,30000.0,30000.0
2023-07-24,32000.0,30000.0
2023-07-25,32000.0,32000.0
2023-07-26,30000.0,32000.0
2023-07-27,30000.0,30000.0
2023-07-28,30000.0,30000.0
2023-07-29,30000.0,30000.0
2023-07-30,30000.0,30000.0
2023-07-31,30000.0,30000.0
2023-08-01,40000.0,30000.0
2023-08-02,40000.0,40000.0
2023-08-03,37000.0,40000.0
2023-08-04,37000.0,37000.0
2023-08-05,37000.0,37000.0
2023-08-06,37000.0,37000.0
2023-08-07,37000.0,37000.0
2023-08-08,35000.0,37000.0
2023-08-09,35000.0,35000.0
2023-08-10,35000.0,35000.0
2023-08-11,35000.0,35000.0
2023-08-12,35000.0,35000.0
2023-08-13,35000.0,35000.0
2023-08-14,42000.0,35000.0
2023-08-15,42000.0,42000.0
2023-08-16,42000.0,42000.0
2023-08-17,42000.0,42000.0
2023-08-18,45000.0,42000.0
2023-08-19,45000.0,45000.0
2023-08-20,45000.0,45000.0
2023-08-21,40000.0,45000.0
2023-08-22,40000.0,40000.0
2023-08-23,40000.0,40000.0
2023-08-24,30000.0,40000.0
2023-08-25,30000.0,30000.0
2023-08-26,30000.0,30000.0
2023-08-27,30000.0,30000.0
2023-08-28,30000.0,30000.0
2023-08-29,28000.0,30000.0
2023-08-30,28000.0,28000.0
2023-08-31,28000.0,28000.0
2023-09-01,28000.0,28000.0
2023-09-02,28000.0,28000.0
2023-09-03,28000.0,28000.0
2023-09-04,30000.0,28000.0
2023-09-05,30000.0,30000.0
2023-09-06,30000.0,30000.0
2023-09-07,30000.0,30000.0
2023-09-08,30000.0,30000.0
2023-09-09,30000.0,30000.0
2023-09-10,30000.0,30000.0
2023-09-11,30000.0,30000.0
2023-09-12,23000.0,30000.0
2023-09-13,25000.0,23000.0
2023-09-14,25000.0,25000.0
2023-09-15,25000.0,25000.0
2023-09-16,25000.0,25000.0
2023-09-17,25000.0,25000.0
2023-09-18,27000.0,25000.0
2023-09-19,27000.0,27000.0
2023-09-20,30000.0,27000.0
2023-09-21,26000.0,30000.0
2023-09-22,26000.0,26000.0
2023-09-23,26000.0,26000.0
2023-09-24,26000.0,26000.0
2023-09-25,26000.0,26000.0
2023-09-26,27000.0,26000.0
2023-09-27,25000.0,27000.0
2023-09-28,25000.0,25000.0
2023-09-29,25000.0,25000.0
2023-09-30,25000.0,25000.0
2023-10-01,25000.0,25000.0
2023-10-02,25000.0,25000.0
2023-10-03,32000.0,25000.0
2023-10-04,32000.0,32000.0
2023-10-05,40000.0,32000.0
2023-10-06,40000.0,40000.0
2023-10-07,40000.0,40000.0
2023-10-08,40000.0,40000.0
2023-10-09,37000.0,40000.0
2023-10-10,42000.0,37000.0
2023-10-11,36000.0,42000.0
2023-10-12,36000.0,36000.0
2023-10-13,38000.0,36000.0
2023-10-14,38000.0,38000.0
2023-10-15,38000.0,38000.0
2023-10-16,45000.0,38000.0
2023-10-17,45000.0,45000.0
2023-10-18,45000.0,45000.0
2023-10-19,45000.0,45000.0
2023-10-20,45000.0,45000.0
2023-10-21,46000.0,45000.0
2023-10-22,46000.0,46000.0
2023-10-23,57000.0,46000.0
2023-10-24,57000.0,57000.0
2023-10-25,57000.0,57000.0
2023-10-26,55000.0,57000.0
2023-10-27,65000.0,55000.0
2023-10-28,65000.0,65000.0
2023-10-29,65000.0,65000.0
2023-10-30,70000.0,65000.0
2023-10-31,70000.0,70000.0
2023-11-01,70000.0,70000.0
2023-11-02,63000.0,70000.0
2023-11-03,63000.0,63000.0
2023-11-04,63000.0,63000.0
2023-11-05,63000.0,63000.0
2023-11-06,67000.0,63000.0
2023-11-07,70000.0,67000.0
2023-11-08,72000.0,70000.0
2023-11-09,72000.0,72000.0
2023-11-10,72000.0,72000.0
2023-11-11,72000.0,72000.0
2023-11-12,72000.0,72000.0
2023-11-13,73000.0,72000.0
2023-11-14,75000.0,73000.0
2023-11-15,75000.0,75000.0
2023-11-16,78000.0,75000.0
2023-11-17,78000.0,78000.0
2023-11-18,78000.0,78000.0
2023-11-19,78000.0,78000.0
2023-11-20,90000.0,78000.0
2023-11-21,95000.0,90000.0
2023-11-22,85000.0,95000.0
2023-11-23,90000.0,85000.0
2023-11-24,80000.0,90000.0
2023-11-25,80000.0,80000.0
2023-11-26,80000.0,80000.0
2023-11-27,80000.0,80000.0
2023-11-28,80000.0,80000.0
2023-11-29,82000.0,80000.0
2023-11-30,80000.0,82000.0
2023-12-01,80000.0,80000.0
2023-12-02,80000.0,80000.0
2023-12-03,80000.0,80000.0
2023-12-04,83000.0,80000.0
2023-12-05,85000.0,83000.0
2023-12-06,85000.0,85000.0
2023-12-07,85000.0,85000.0
2023-12-08,85000.0,85000.0
2023-12-09,85000.0,85000.0
2023-12-10,85000.0,85000.0
2023-12-11,85000.0,85000.0
2023-12-12,85000.0,85000.0
2023-12-13,88000.0,85000.0
2023-12-14,88000.0,88000.0
2023-12-15,75000.0,88000.0
2023-12-16,75000.0,75000.0
2023-12-17,75000.0,75000.0
2023-12-18,75000.0,75000.0
2023-12-19,75000.0,75000.0
2023-12-20,73000.0,75000.0
2023-12-21,73000.0,73000.0
2023-12-22,70000.0,73000.0
2023-12-23,70000.0,70000.0
2023-12-24,70000.0,70000.0
2023-12-25,70000.0,70000.0
2023-12-26,70000.0,70000.0
2023-12-27,70000.0,70000.0
2023-12-28,70000.0,70000.0
2023-12-29,70000.0,70000.0
2023-12-30,75000.0,70000.0
2023-12-31,70000.0,75000.0
2024-01-01,40000.0,70000.0
2024-01-02,40000.0,40000.0
2024-01-03,40000.0,40000.0
2024-01-04,45000.0,40000.0
2024-01-05,45000.0,45000.0
2024-01-06,45000.0,45000.0
2024-01-07,45000.0,45000.0
2024-01-08,45000.0,45000.0
2024-01-09,45000.0,45000.0
2024-01-10,55000.0,45000.0
2024-01-11,55000.0,55000.0
2024-01-12,55000.0,55000.0
2024-01-13,55000.0,55000.0
2024-01-14,55000.0,55000.0
2024-01-15,55000.0,55000.0
2024-01-16,55000.0,55000.0
2024-01-17,55000.0,55000.0
2024-01-18,55000.0,55000.0
2024-01-19,55000.0,55000.0
2024-01-20,55000.0,55000.0
2024-01-21,55000.0,55000.0
2024-01-22,65000.0,55000.0
2024-01-23,65000.0,65000.0
2024-01-24,70000.0,65000.0
2024-01-25,75000.0,70000.0
2024-01-26,75000.0,75000.0
2024-01-27,75000.0,75000.0
2024-01-28,75000.0,75000.0
2024-01-29,80000.0,75000.0
2024-01-30,80000.0,80000.0
2024-01-31,80000.0,80000.0
2024-02-01,80000.0,80000.0
2024-02-02,80000.0,80000.0
2024-02-03,80000.0,80000.0
2024-02-04,80000.0,80000.0
2024-02-05,80000.0,80000.0
2024-02-06,80000.0,80000.0
2024-02-07,80000.0,80000.0
2024-02-08,80000.0,80000.0
2024-02-09,80000.0,80000.0
2024-02-10,80000.0,80000.0
2024-02-11,80000.0,80000.0
2024-02-12,70000.0,80000.0
2024-02-13,70000.0,70000.0
2024-02-14,60000.0,70000.0
2024-02-15,60000.0,60000.0
2024-02-16,60000.0,60000.0
2024-02-17,60000.0,60000.0
2024-02-18,60000.0,60000.0
2024-02-19,66667.0,60000.0
2024-02-20,66667.0,66667.0
2024-02-21,66667.0,66667.0
2024-02-22,60000.0,66667.0
2024-02-23,60000.0,60000.0
2024-02-24,60000.0,60000.0
2024-02-25,60000.0,60000.0
2024-02-26,40000.0,60000.0
2024-02-27,40000.0,40000.0
2024-02-28,40000.0,40000.0
2024-02-29,40000.0,40000.0
2024-03-01,40000.0,40000.0
2024-03-02,40000.0,40000.0
2024-03-03,40000.0,40000.0
2024-03-04,35000.0,40000.0
2024-03-05,35000.0,35000.0
2024-03-06,35000.0,35000.0
2024-03-07,35000.0,35000.0
2024-03-08,35000.0,35000.0
2024-03-09,35000.0,35000.0
2024-03-10,35000.0,35000.0
2024-03-11,40000.0,35000.0
2024-03-12,40000.0,40000.0
2024-03-13,40000.0,40000.0
2024-03-14,40000.0,40000.0
2024-03-15,40000.0,40000.0
2024-03-16,40000.0,40000.0
2024-03-17,40000.0,40000.0
2024-03-18,40000.0,40000.0
2024-03-19,40000.0,40000.0
2024-03-20,40000.0,40000.0
2024-03-21,40000.0,40000.0
2024-03-22,40000.0,40000.0
2024-03-23,40000.0,40000.0
2024-03-24,40000.0,40000.0
2024-03-25,45000.0,40000.0
2024-03-26,45000.0,45000.0
2024-03-27,45000.0,45000.0
2024-03-28,45000.0,45000.0
2024-03-29,45000.0,45000.0
2024-03-30,45000.0,45000.0
2024-03-31,45000.0,45000.0
2024-04-01,40000.0,45000.0
2024-04-02,40000.0,40000.0
2024-04-03,40000.0,40000.0
2024-04-04,45000.0,40000.0
2024-04-05,45000.0,45000.0
2024-04-06,45000.0,45000.0
2024-04-07,45000.0,45000.0
2024-04-08,45000.0,45000.0
2024-04-09,45000.0,45000.0
2024-04-10,55000.0,45000.0
2024-04-11,55000.0,55000.0
2024-04-12,55000.0,55000.0
2024-04-13,55000.0,55000.0
2024-04-14,55000.0,55000.0
2024-04-15,55000.0,55000.0
2024-04-16,55000.0,55000.0
2024-04-17,55000.0,55000.0
2024-04-18,55000.0,55000.0
2024-04-19,55000.0,55000.0
2024-04-20,55000.0,55000.0
2024-04-21,55000.0,55000.0
2024-04-22,65000.0,55000.0
2024-04-23,65000.0,65000.0
2024-04-24,70000.0,65000.0
2024-04-25,75000.0,70000.0
2024-04-26,75000.0,75000.0
2024-04-27,75000.0,75000.0
2024-04-28,75000.0,75000.0
2024-04-29,80000.0,75000.0
2024-04-30,80000.0,80000.0
2024-05-01,80000.0,80000.0
2024-05-02,80000.0,80000.0
2024-05-03,80000.0,80000.0
2024-05-04,80000.0,80000.0
2024-05-05,80000.0,80000.0
2024-05-06,80000.0,80000.0
2024-05-07,80000.0,80000.0
2024-05-08,80000.0,80000.0
2024-05-09,80000.0,80000.0
2024-05-10,80000.0,80000.0
2024-05-11,80000.0,80000.0
2024-05-12,80000.0,80000.0
2024-05-13,70000.0,80000.0
2024-05-14,70000.0,70000.0
2024-05-15,60000.0,70000.0
2024-05-16,60000.0,60000.0
2024-05-17,60000.0,60000.0
2024-05-18,60000.0,60000.0
2024-05-19,60000.0,60000.0
2024-05-20,66667.0,60000.0
2024-05-21,66667.0,66667.0
2024-05-22,66667.0,66667.0
2024-05-23,60000.0,66667.0
2024-05-24,60000.0,60000.0
2024-05-25,60000.0,60000.0
2024-05-26,60000.0,60000.0
2024-05-27,40000.0,60000.0
2024-05-28,40000.0,40000.0
2024-05-29,40000.0,40000.0
2024-05-30,40000.0,40000.0
2024-05-31,40000.0,40000.0
2024-06-01,40000.0,40000.0
2024-06-02,40000.0,40000.0
2024-06-03,35000.0,40000.0
2024-06-04,35000.0,35000.0
2024-06-05,35000.0,35000.0
2024-06-06,35000.0,35000.0
2024-06-07,35000.0,35000.0
2024-06-08,35000.0,35000.0
2024-06-09,35000.0,35000.0
2024-06-10,40000.0,35000.0
2024-06-11,40000.0,40000.0
2024-06-12,40000.0,40000.0
2024-06-13,40000.0,40000.0
2024-06-14,40000.0,40000.0
2024-06-15,40000.0,40000.0
2024-06-16,40000.0,40000.0
2024-06-17,40000.0,40000.0
2024-06-18,40000.0,40000.0
2024-06-19,40000.0,40000.0
2024-06-20,40000.0,40000.0
2024-06-21,40000.0,40000.0
2024-06-22,40000.0,40000.0
2024-06-23,40000.0,40000.0
2024-06-24,45000.0,40000.0
2024-06-25,45000.0,45000.0
2024-06-26,45000.0,45000.0
2024-06-27,45000.0,45000.0
2024-06-28,45000.0,45000.0
2024-06-29,45000.0,45000.0
2024-06-30,45000.0,45000.0
2024-07-01,40000.0,45000.0
2024-07-02,40000.0,40000.0
2024-07-03,40000.0,40000.0
2024-07-04,45000.0,40000.0
2024-07-05,45000.0,45000.0
2024-07-06,45000.0,45000.0
2024-07-07,45000.0,45000.0
2024-07-08,45000.0,45000.0
2024-07-09,45000.0,45000.0
2024-07-10,55000.0,45000.0
2024-07-11,55000.0,55000.0
2024-07-12,55000.0,55000.0
2024-07-13,55000.0,55000.0
2024-07-14,55000.0,55000.0
2024-07-15,55000.0,55000.0
2024-07-16,55000.0,55000.0
2024-07-17,55000.0,55000.0
2024-07-18,55000.0,55000.0
2024-07-19,55000.0,55000.0
2024-07-20,55000.0,55000.0
2024-07-21,55000.0,55000.0
2024-07-22,65000.0,55000.0
2024-07-23,65000.0,65000.0
2024-07-24,70000.0,65000.0
2024-07-25,75000.0,70000.0
2024-07-26,75000.0,75000.0
2024-07-27,75000.0,75000.0
2024-07-28,75000.0,75000.0
2024-07-29,80000.0,75000.0
2024-07-30,80000.0,80000.0
2024-07-31,80000.0,80000.0
2024-08-01,80000.0,80000.0
2024-08-02,80000.0,80000.0
2024-08-03,80000.0,80000.0
2024-08-04,80000.0,80000.0
2024-08-05,80000.0,80000.0
2024-08-06,80000.0,80000.0
2024-08-07,80000.0,80000.0
2024-08-08,80000.0,80000.0
2024-08-09,80000.0,80000.0
2024-08-10,80000.0,80000.0
2024-08-11,80000.0,80000.0
2024-08-12,70000.0,80000.0
2024-08-13,70000.0,70000.0
2024-08-14,60000.0,70000.0
2024-08-15,60000.0,60000.0
2024-08-16,60000.0,60000.0
2024-08-17,60000.0,60000.0
2024-08-18,60000.0,60000.0
2024-08-19,66667.0,60000.0
2024-08-20,66667.0,66667.0
2024-08-21,66667.0,66667.0
2024-08-22,60000.0,66667.0
2024-08-23,60000.0,60000.0
2024-08-24,60000.0,60000.0
2024-08-25,60000.0,60000.0
2024-08-26,40000.0,60000.0
2024-08-27,40000.0,40000.0
2024-08-28,40000.0,40000.0
2024-08-29,40000.0,40000.0
2024-08-30,40000.0,40000.0
2024-08-31,40000.0,40000.0
2024-09-01,40000.0,40000.0
2024-09-02,35000.0,40000.0
2024-09-03,35000.0,35000.0
2024-09-04,35000.0,35000.0
2024-09-05,35000.0,35000.0
2024-09-06,35000.0,35000.0
2024-09-07,35000.0,35000.0
2024-09-08,35000.0,35000.0
2024-09-09,40000.0,35000.0
2024-09-10,40000.0,40000.0
2024-09-11,40000.0,40000.0
2024-09-12,40000.0,40000.0
2024-09-13,40000.0,40000.0
2024-09-14,40000.0,40000.0
2024-09-15,40000.0,40000.0
2024-09-16,40000.0,40000.0
2024-09-17,40000.0,40000.0
2024-09-18,40000.0,40000.0
2024-09-19,40000.0,40000.0
2024-09-20,40000.0,40000.0
2024-09-21,40000.0,40000.0
2024-09-22,40000.0,40000.0
2024-09-23,45000.0,40000.0
2024-09-24,45000.0,45000.0
2024-09-25,45000.0,45000.0
2024-09-26,45000.0,45000.0
2024-09-27,45000.0,45000.0
2024-09-28,45000.0,45000.0
2024-09-29,45000.0,45000.0
2024-09-30,45000.0,45000.0
2024-10-01,40000.0,45000.0
2024-10-02,40000.0,40000.0
2024-10-03,40000.0,40000.0
2024-10-04,40000.0,40000.0
2024-10-05,40000.0,40000.0
2024-10-06,40000.0,40000.0
2024-10-07,40000.0,40000.0
2024-10-08,40000.0,40000.0
2024-10-09,40000.0,40000.0
2024-10-10,45000.0,40000.0
2024-10-11,45000.0,45000.0
2024-10-12,45000.0,45000.0
2024-10-13,45000.0,45000.0
2024-10-14,45000.0,45000.0
2024-10-15,45000.0,45000.0
2024-10-16,45000.0,45000.0
2024-10-17,40000.0,45000.0
2024-10-18,40000.0,40000.0
2024-10-19,40000.0,40000.0
2024-10-20,40000.0,40000.0
2024-10-21,40000.0,40000.0
2024-10-22,40000.0,40000.0
2024-10-23,40000.0,40000.0
2024-10-24,40000.0,40000.0
2024-10-25,40000.0,40000.0
2024-10-26,40000.0,40000.0
2024-10-27,40000.0,40000.0
2024-10-28,40000.0,40000.0
2024-10-29,40000.0,40000.0
2024-10-30,40000.0,40000.0
2024-10-31,40000.0,40000.0
2024-11-01,40000.0,40000.0
2024-11-02,40000.0,40000.0
2024-11-03,40000.0,40000.0
2024-11-04,35000.0,40000.0
2024-11-05,35000.0,35000.0
2024-11-06,35000.0,35000.0
2024-11-07,35000.0,35000.0
2024-11-08,35000.0,35000.0
2024-11-09,35000.0,35000.0
2024-11-10,35000.0,35000.0
2024-11-11,45000.0,35000.0
2024-11-12,45000.0,45000.0
2024-11-13,45000.0,45000.0
2024-11-14,45000.0,45000.0
2024-11-15,45000.0,45000.0
2024-11-16,45000.0,45000.0
2024-11-17,45000.0,45000.0
2024-11-18,35000.0,45000.0
2024-11-19,35000.0,35000.0
2024-11-20,35000.0,35000.0
2024-11-21,35000.0,35000.0
2024-11-22,35000.0,35000.0
2024-11-23,35000.0,35000.0
2024-11-24,35000.0,35000.0
2024-11-25,35000.0,35000.0
2024-11-26,35000.0,35000.0
2024-11-27,35000.0,35000.0
2024-11-28,30000.0,35000.0
2024-11-29,30000.0,30000.0
2024-11-30,30000.0,30000.0
2024-12-01,30000.0,30000.0
2024-12-02,30000.0,30000.0
2024-12-03,30000.0,30000.0
2024-12-04,35000.0,30000.0
2024-12-05,35000.0,35000.0
2024-12-06,35000.0,35000.0
2024-12-07,35000.0,35000.0
2024-12-08,35000.0,35000.0
2024-12-09,40000.0,35000.0
2024-12-10,40000.0,40000.0
2024-12-11,45000.0,40000.0
2024-12-12,45000.0,45000.0
2024-12-13,35000.0,45000.0
2024-12-14,35000.0,35000.0
2024-12-15,35000.0,35000.0
2024-12-16,50000.0,35000.0
2024-12-17,40000.0,50000.0
2024-12-18,43333.0,40000.0
2024-12-19,43333.0,43333.0
2024-12-20,43333.0,43333.0
2024-12-21,43333.0,43333.0
2024-12-22,43333.0,43333.0
2024-12-23,66667.0,43333.0
2024-12-24,60000.0,66667.0
2024-12-25,60000.0,60000.0
2024-12-26,60000.0,60000.0
2024-12-27,60000.0,60000.0
2024-12-28,60000.0,60000.0
2024-12-29,60000.0,60000.0
2025-01-01,50000.0,60000.0
2025-01-02,50000.0,50000.0
2025-01-03,50000.0,50000.0
2025-01-04,50000.0,50000.0
2025-01-05,50000.0,50000.0
2025-01-06,100000.0,50000.0
2025-01-07,110000.0,100000.0
2025-01-08,110000.0,110000.0
2025-01-09,110000.0,110000.0
2025-01-10,110000.0,110000.0
2025-01-11,110000.0,110000.0
2025-01-12,110000.0,110000.0
2025-01-13,100000.0,110000.0
2025-01-14,100000.0,100000.0
2025-01-15,100000.0,100000.0
2025-01-16,100000.0,100000.0
2025-01-17,100000.0,100000.0
2025-01-18,100000.0,100000.0
2025-01-19,100000.0,100000.0
2025-01-20,60000.0,100000.0
2025-01-21,60000.0,60000.0
2025-01-22,60000.0,60000.0
2025-01-23,60000.0,60000.0
2025-01-24,70000.0,60000.0
2025-01-25,70000.0,70000.0
2025-01-26,70000.0,70000.0
2025-01-27,70000.0,70000.0
2025-01-28,70000.0,70000.0
2025-01-29,70000.0,70000.0
2025-01-30,80000.0,70000.0
2025-01-31,80000.0,80000.0
2025-02-01,80000.0,80000.0
2025-02-02,80000.0,80000.0
2025-02-03,70000.0,80000.0
2025-02-04,70000.0,70000.0
2025-02-05,70000.0,70000.0
2025-02-06,70000.0,70000.0
2025-02-07,70000.0,70000.0
2025-02-08,70000.0,70000.0
2025-02-09,70000.0,70000.0
2025-02-10,60000.0,70000.0
2025-02-11,60000.0,60000.0
2025-02-12,60000.0,60000.0
2025-02-13,60000.0,60000.0
2025-02-14,70000.0,60000.0
2025-02-15,70000.0,70000.0
2025-02-16,70000.0,70000.0
2025-02-17,60000.0,70000.0
2025-02-18,60000.0,60000.0
2025-02-19,60000.0,60000.0
2025-02-20,60000.0,60000.0
2025-02-21,60000.0,60000.0
2025-02-22,60000.0,60000.0
2025-02-23,60000.0,60000.0
2025-02-24,90000.0,60000.0
2025-02-25,90000.0,90000.0
2025-02-26,100000.0,90000.0
2025-02-27,100000.0,100000.0
2025-02-28,100000.0,100000.0
2025-03-01,100000.0,100000.0
2025-03-02,100000.0,100000.0
2025-03-03,120000.0,100000.0
2025-03-04,120000.0,120000.0
2025-03-05,100000.0,120000.0
2025-03-06,100000.0,100000.0
2025-03-07,80000.0,100000.0
2025-03-08,80000.0,80000.0
2025-03-09,80000.0,80000.0
2025-03-10,80000.0,80000.0
2025-03-11,80000.0,80000.0
2025-03-12,80000.0,80000.0
2025-03-13,80000.0,80000.0
2025-03-14,90000.0,80000.0
2025-03-15,90000.0,90000.0
2025-03-16,90000.0,90000.0
2025-03-17,80000.0,90000.0
2025-03-18,100000.0,80000.0
2025-03-19,100000.0,100000.0
2025-03-20,100000.0,100000.0
2025-03-21,100000.0,100000.0
2025-03-22,100000.0,100000.0
2025-03-23,100000.0,100000.0
2025-03-24,90000.0,100000.0
2025-03-25,90000.0,90000.0
2025-03-26,90000.0,90000.0
2025-03-27,100000.0,90000.0
2025-03-28,100000.0,100000.0
2025-03-29,100000.0,100000.0
2025-03-30,100000.0,100000.0
2025-03-31,100000.0,100000.0
2025-04-01,100000.0,100000.0
2025-04-02,100000.0,100000.0
2025-04-03,100000.0,100000.0
2025-04-04,100000.0,100000.0
2025-04-05,100000.0,100000.0
2025-04-06,100000.0,100000.0
2025-04-07,100000.0,100000.0
2025-04-08,100000.0,100000.0
2025-04-09,90000.0,100000.0
2025-04-10,90000.0,90000.0
2025-04-11,90000.0,90000.0
2025-04-12,90000.0,90000.0
2025-04-13,90000.0,90000.0
2025-04-14,90000.0,90000.0
2025-04-15,75000.0,90000.0
2025-04-16,75000.0,75000.0
2025-04-17,85000.0,75000.0
2025-04-18,85000.0,85000.0
2025-04-19,85000.0,85000.0
2025-04-20,85000.0,85000.0
2025-04-21,60000.0,85000.0
2025-04-22,60000.0,60000.0
2025-04-23,50000.0,60000.0
2025-04-24,50000.0,50000.0
2025-04-25,45000.0,50000.0
2025-04-26,45000.0,45000.0
2025-04-27,45000.0,45000.0
2025-04-28,40000.0,45000.0
2025-04-29,40000.0,40000.0
2025-04-30,40000.0,40000.0
2025-05-01,40000.0,40000.0
2025-05-02,40000.0,40000.0
2025-05-03,40000.0,40000.0
2025-05-04,40000.0,40000.0
2025-05-05,40000.0,40000.0
2025-05-06,40000.0,40000.0
2025-05-07,40000.0,40000.0
2025-05-08,40000.0,40000.0
2025-05-09,40000.0,40000.0
2025-05-10,40000.0,40000.0
2025-05-11,40000.0,40000.0
2025-05-12,40000.0,40000.0
2025-05-13,41000.0,40000.0
2025-05-14,30000.0,41000.0
2025-05-15,30000.0,30000.0
2025-05-16,30000.0,30000.0
2025-05-17,30000.0,30000.0
2025-05-18,30000.0,30000.0
2025-05-19,30000.0,30000.0
2025-05-20,30000.0,30000.0
2025-05-21,30000.0,30000.0
2025-05-22,30000.0,30000.0
2025-05-23,30000.0,30000.0
2025-05-24,30000.0,30000.0
2025-05-25,30000.0,30000.0
2025-05-26,30000.0,30000.0
2025-05-27,30000.0,30000.0
2025-05-28,35000.0,30000.0
2025-05-29,35000.0,35000.0
2025-05-30,35000.0,35000.0
2025-05-31,35000.0,35000.0
2025-06-01,35000.0,35000.0
2025-06-02,38000.0,35000.0
2025-06-03,40000.0,38000.0
2025-06-04,38000.0,40000.0
2025-06-05,38000.0,38000.0
2025-06-06,38000.0,38000.0
2025-06-07,38000.0,38000.0
2025-06-08,38000.0,38000.0
2025-06-09,38000.0,38000.0
2025-06-10,38000.0,38000.0
2025-06-11,40000.0,38000.0
2025-06-12,40000.0,40000.0
2025-06-13,40000.0,40000.0
2025-06-14,40000.0,40000.0
2025-06-15,40000.0,40000.0
2025-06-16,50000.0,40000.0
2025-06-17,50000.0,50000.0
2025-06-18,50000.0,50000.0
2025-06-19,50000.0,50000.0
2025-06-20,60000.0,50000.0
2025-06-21,60000.0,60000.0
2025-06-22,60000.0,60000.0
2025-06-23,60000.0,60000.0
2025-06-24,60000.0,60000.0
2025-06-25,55000.0,60000.0
2025-06-26,55000.0,55000.0
2025-06-27,55000.0,55000.0
2025-06-28,55000.0,55000.0
2025-06-29,55000.0,55000.0
2025-06-30,60000.0,55000.0
2025-07-01,60000.0,60000.0
2025-07-02,60000.0,60000.0
2025-07-03,60000.0,60000.0
2025-07-04,65000.0,60000.0
2025-07-05,65000.0,65000.0
2025-07-06,65000.0,65000.0
2025-07-07,65000.0,65000.0
2025-07-08,65000.0,65000.0
2025-07-09,65000.0,65000.0
2025-07-10,65000.0,65000.0
2025-07-11,65000.0,65000.0
2025-07-12,65000.0,65000.0
2025-07-13,65000.0,65000.0
2025-07-14,65000.0,65000.0
2025-07-15,65000.0,65000.0
2025-07-16,65000.0,65000.0
2025-07-17,65000.0,65000.0
2025-07-18,45000.0,65000.0
2025-07-19,45000.0,45000.0
2025-07-20,65000.0,45000.0
2025-07-21,40000.0,65000.0
2025-07-22,40000.0,40000.0
2025-07-23,45000.0,40000.0
2025-07-24,45000.0,45000.0
2025-07-25,45000.0,45000.0
2025-07-26,45000.0,45000.0
2025-07-27,45000.0,45000.0
2025-07-28,45000.0,45000.0
2025-07-29,45000.0,45000.0
2025-07-30,45000.0,45000.0
2025-07-31,45000.0,45000.0
2025-08-01,48020.0,45000.0
2025-08-02,47435.0,48020.0
2025-08-03,46789.0,47435.0
2025-08-04,44253.0,46789.0
2025-08-05,43996.0,44253.0
2025-08-06,43858.0,43996.0
2025-08-07,43398.0,43858.0
2025-08-08,43292.0,43398.0
2025-08-09,43370.0,43292.0
2025-08-10,43024.0,43370.0
2025-08-11,42490.0,43024.0
2025-08-12,42313.0,42490.0
2025-08-13,42073.0,42313.0
2025-08-14,40561.0,42073.0
2025-08-15,40481.0,40561.0
2025-08-16,40437.0,40481.0
2025-08-17,40437.0,40437.0
2025-08-18,39897.0,40437.0
2025-08-19,41004.0,39897.0
2025-08-20,40402.0,41004.0
2025-08-21,40744.0,40402.0
2025-08-22,40781.0,40744.0
2025-08-23,40500.0,40781.0
2025-08-24,40574.0,40500.0
2025-08-25,39510.0,40574.0
2025-08-26,39263.0,39510.0
2025-08-27,39154.0,39263.0
2025-08-28,39200.0,39154.0
2025-08-29,39290.0,39200.0
2025-08-30,39220.0,39290.0
2025-08-31,39561.0,39220.0
2025-09-01,37924.0,39561.0
2025-09-02,37224.0,37924.0
2025-09-03,36581.0,37224.0
2025-09-04,37090.0,36581.0
2025-09-05,37448.0,37090.0
2025-09-06,37663.0,37448.0
2025-09-07,37587.0,37663.0
2025-09-08,39690.0,37587.0
2025-09-09,40105.0,39690.0
2025-09-10,40481.0,40105.0
2025-09-11,40581.0,40481.0
2025-09-12,40862.0,40581.0
2025-09-13,41040.0,40862.0
2025-09-14,41280.0,41040.0
2025-09-15,41113.0,41280.0
2025-09-16,40721.0,41113.0
2025-09-17,40885.0,40721.0
2025-09-18,42177.0,40885.0
2025-09-19,42649.0,42177.0
2025-09-20,43597.0,42649.0
2025-09-21,43962.0,43597.0
2025-09-22,43350.0,43962.0
2025-09-23,44191.0,43350.0
2025-09-24,43799.0,44191.0
2025-09-25,43850.0,43799.0
2025-09-26,43723.0,43850.0
2025-09-27,42194.0,43723.0
2025-09-28,43058.0,42194.0
2025-09-29,42533.0,43058.0
2025-09-30,42685.0,42533.0
2025-10-01,42594.0,42685.0
2025-10-02,41714.0,42594.0
2025-10-03,41540.0,41714.0
2025-10-04,40970.0,41540.0
2025-10-05,40474.0,40970.0
2025-10-06,42188.0,40474.0
2025-10-07,42608.0,42188.0
2025-10-08,41173.0,42608.0
2025-10-09,42051.0,41173.0
2025-10-10,42525.0,42051.0
2025-10-11,42321.0,42525.0
2025-10-12,42603.0,42321.0
2025-10-13,42104.0,42603.0
2025-10-14,42407.0,42104.0
2025-10-15,42191.0,42407.0
2025-10-16,42052.0,42191.0
2025-10-17,42004.0,42052.0
2025-10-18,41427.0,42004.0
2025-10-19,41145.0,41427.0
2025-10-20,40622.0,41145.0
2025-10-21,39446.0,40622.0
2025-10-22,39089.0,39446.0
2025-10-23,38842.0,39089.0
2025-10-24,38204.0,38842.0
2025-10-25,37706.0,38204.0
2025-10-26,37271.0,37706.0
2025-10-27,37097.0,37271.0
2025-10-28,35945.0,37097.0
2025-10-29,37016.0,35945.0
2025-10-30,36910.0,37016.0
2025-10-31,37017.0,36910.0
2025-11-01,36872.0,37017.0
2025-11-02,36583.0,36872.0
2025-11-03,36569.0,36583.0
2025-11-04,36569.0,36569.0
2025-11-05,36156.0,36569.0
2025-11-06,36142.0,36156.0
2025-11-07,35724.0,36142.0
2025-11-08,36362.0,35724.0
2025-11-09,36261.0,36362.0
2025-11-10,36602.0,36261.0
2025-11-11,36876.0,36602.0
2025-11-12,36611.0,36876.0
2025-11-13,36480.0,36611.0
2025-11-14,36680.0,36480.0
2025-11-15,37196.0,36680.0
2025-11-16,37253.0,37196.0
2025-11-17,38719.0,37253.0
2025-11-18,41512.0,38719.0
2025-11-19,43293.0,41512.0
2025-11-20,44202.0,43293.0
2025-11-21,44797.0,44202.0
2025-11-22,44726.0,44797.0
2025-11-23,45165.0,44726.0
2025-11-24,46565.0,45165.0
2025-11-25,47195.0,46565.0
2025-11-26,47784.0,47195.0
2025-11-27,48599.0,47784.0
2025-11-28,49294.0,48599.0
2025-11-29,49715.0,49294.0
2025-11-30,50977.0,49715.0
2025-12-01,57305.0,50977.0
2025-12-02,60614.0,57305.0
2025-12-03,62149.0,60614.0
2025-12-04,67819.0,62149.0
2025-12-05,69982.0,67819.0
2025-12-06,70419.0,69982.0
2025-12-07,70577.0,70419.0
2025-12-08,76096.0,70577.0
2025-12-09,79134.0,76096.0
2025-12-10,79128.0,79134.0
2025-12-11,80677.0,79128.0
2025-12-12,79135.0,80677.0
2025-12-13,80734.0,79135.0
2025-12-14,79818.0,80734.0
2025-12-15,80018.0,79818.0
2025-12-16,81318.0,80018.0
2025-12-17,79549.0,81318.0
2025-12-18,75852.0,79549.0
2025-12-19,73774.0,75852.0
2025-12-20,73139.0,73774.0
2025-12-21,72942.0,73139.0
2025-12-22,73733.0,72942.0
2025-12-23,72884.0,73733.0
2025-12-24,72350.0,72884.0
2025-12-25,72799.0,72350.0
2025-12-26,73081.0,72799.0
2025-12-27,72811.0,73081.0
2025-12-28,73218.0,72811.0
2025-12-29,73692.0,73218.0
2025-12-30,70399.0,73692.0
2025-12-31,67000.0,70399.0
